"Sl No.","#","From Date","To Date","Type","Customer","Amount","Received","Balance","Pickup","Drop off","Vehicle","Added By","Comments","Booked Time","Status","Actions"
"1","12269","09-Sep-25 16:30","09-Sep-25 20:30","Chauffeur","Sarah almutairi,, ?+965 6663 2282?Sara -","60.000","40.000","20.000","Bahrain Airport","Bahrain","Suv","qassim","","29-Aug-25 09:42","Assign Pending","                                                                                                                                                                                                                     "
"2","14131","28-Jan-26 20:30","29-Jan-26 01:30","Chauffeur","Salem Al Hajri,, +966 56 884 0000.  -","80.000","65.000","15.000","Four season hotel","5 hours 2 EXTRA HOURS","Sedan","hassan","","27-Jan-26 21:08","Assign Pending","                                                                                                                                                                                                                     "
"3","14731","10-May-26 09:30","10-May-26 10:00","Pickup / Drop","Barrett Larwin,, +1 (719) 338-0669Jonathan javier -","300.000","300.000","0.000","Abu Dhabi","Bahrain","Ford Expedition","ali","","25-May-26 13:37","Assign Pending","                                                                                                                                                                                                                     "
"4","14738","27-May-26 12:30","27-May-26 12:30","Pickup / Drop","Sara,, 37774246.  -","25.000","25.000","0.000","Riffa - Villa 879-https://maps.app.goo.gl/1F1ZumuDnaho13tb9","Janabiya - Villa723, https://maps.app.goo.gl/UhoESp2NFQqbRWU49","Handicap Van","hassan","","26-May-26 15:07","Assign Pending","                                                                                                                                                                                                                     "
"5","14805","12-Jun-26 09:30","12-Jun-26 09:30","Pickup / Drop","Samar Al Awami,, +966 50 436 5063.  -","50.000","50.000","0.000","Khobar, https://maps.app.goo.gl/9AWHvX7LGo8DEZvo7?g_st=iw","Bahrain airport","Suv","hassan","","11-Jun-26 14:39","Assign Pending","                                                                                                                                                                                                                     "
"6","15061","17-Jul-26 19:40","17-Jul-26 19:40","Pickup / Drop","Ahmed Al Zaini,, +966 53 763 1813.  -","130.000","10.000","120.000","Bahrain airport GF42","4 hours(Bahrain) then Dammam","Ford Expedition","hassan","","17-Jul-26 09:40","Assign Pending","                                                                                                                                                                                                                     "
"7","15287","19-Aug-26 22:00","19-Aug-26 22:00","Pickup / Drop","Braxtone Plus W.L.L,0, +968 9920 0984.  - 38163816","30.000","0.000","30.000",".",".","Mercedes GT43","hassan","","19-Aug-26 21:53","Assign Pending","                                                                                                                                                                                                                     "
"8","15297","21-Aug-26 06:40","21-Aug-26 06:40","Pickup / Drop","Mohamed Khalid ,, +966 50 578 8111.  -","50.000","10.000","40.000","Damam, https://maps.app.goo.gl/BPBCUQQ2BfGDg8DB9?g_st=iw","Bahrain airport","Ford Expedition","hassan","","20-Aug-26 18:40","Assign Pending","                                                                                                                                                                                                                     "
"9","15442","11-Sep-26 06:45","11-Sep-26 06:45","Pickup / Drop","Mohamed Al Mana,, +966 50 777 8800.  -","35.000","35.000","0.000","Bahrain airport","Khobar GF6","Sedan","hassan","","10-Sep-26 18:27","Assign Pending","                                                                                                                                                                                                                     "
"10","15459","15-Sep-26 06:30","15-Sep-26 06:30","Pickup / Drop","Braxtone Plus W.L.L,0, +968 9920 0984Khalid Albasam - +97339453339","8.000","0.000","8.000","Riffa","Bahrain Airport","Sedan","qassim","","13-Sep-26 23:20","Assign Pending","                                                                                                                                                                                                                     "
"11","15449","16-Sep-26 10:45","16-Sep-26 10:45","Pickup / Drop","Braxtone Plus W.L.L,0, +968 9920 0984.  -","8.000","0.000","8.000","Sar H 2404, https://maps.app.goo.gl/dZJT9URiy2C2g1R97","Bahrain airport","Sedan","hassan","","12-Sep-26 12:33","Assign Pending","                                                                                                                                                                                                                     "
"12","15456","16-Sep-26 11:45","16-Sep-26 11:45","Pickup / Drop","Braxtone Plus W.L.L,0, +968 9920 0984Nabeel Mohamed  - 36557722","8.000","0.000","8.000","Isa Town, Villa147, https://maps.app.goo.gl/dFNyh8uimCauVGLq8","Bahrain airport","Sedan","hassan","","13-Sep-26 13:54","Assign Pending","                                                                                                                                                                                                                     "
"13","15461","16-Sep-26 12:00","16-Sep-26 12:00","Pickup / Drop","Braxtone Plus W.L.L,0, +968 9920 0984Mohsin - +97332221455","8.000","0.000","8.000","Sanad V 2815A, https://maps.app.goo.gl/eJoFyUqFknLXHJFN8","Bahrain airport","Sedan","hassan","","14-Sep-26 10:34","Assign Pending","                                                                                                                                                                                                                     "
"14","15464","17-Sep-26 06:45","17-Sep-26 06:45","Pickup / Drop","Braxtone Plus W.L.L,0, +968 9920 0984Yusuf  - 33943131","14.000","0.000","14.000","Hamad town H1624, https://maps.app.goo.gl/7YCbRSEaDTZYDkci6","Bahrain airport","Suv","hassan","","14-Sep-26 13:08","Assign Pending","                                                                                                                                                                                                                     "
"15","15448","17-Sep-26 12:15","17-Sep-26 12:15","Pickup / Drop","Braxtone Plus W.L.L,0, +968 9920 0984Amal Abbas - +97339882883","8.000","0.000","8.000","Hamad town H516, https://maps.app.goo.gl/muakpLAhnEKgriUs8","Bahrain international airport","Sedan","qassim","","12-Sep-26 10:50","Assign Pending","                                                                                                                                                                                                                     "
"16","15460","17-Sep-26 18:00","17-Sep-26 18:00","Pickup / Drop","Braxtone Plus W.L.L,0, +968 9920 0984Leena - +97333338345","8.000","0.000","8.000","Zinj H 1611, https://maps.app.goo.gl/xKgFB4M9DWhBtDWM8","Bahrain airport","Sedan","hassan","","14-Sep-26 09:06","Assign Pending","                                                                                                                                                                                                                     "
"17","15462","17-Sep-26 21:00","17-Sep-26 21:00","Pickup / Drop","Fouad Aldossary,0, +966505862641.  -","50.000","0.000","50.000","Damam","Bahrain airport","Ford Expedition 1","hassan","","14-Sep-26 12:10","Assign Pending","                                                                                                                                                                                                                     "
"18","15463","17-Sep-26 21:00","17-Sep-26 21:00","Pickup / Drop","Fouad Aldossary,0, +966505862641.  -","50.000","0.000","50.000","Damam","Bahrain airport","Ford Expedition 2","hassan","","14-Sep-26 12:11","Assign Pending","                                                                                                                                                                                                                     "
"19","15457","18-Sep-26 12:45","18-Sep-26 12:45","Pickup / Drop","Braxtone Plus W.L.L,0, +968 9920 0984Alaa - +97366722337","14.000","0.000","14.000","Duraz H 230, https://maps.app.goo.gl/LFx1tFzFmw6NMKkH9?g_st=iw","Bahrain airport","Suv","hassan","","13-Sep-26 14:14","Assign Pending","                                                                                                                                                                                                                     "
"20","15359","19-Sep-26 07:00","19-Sep-26 07:00","Pickup / Drop","Eslam Zein,, +966590502317Eslam Zein -","37.000","0.000","37.000","Khobar","Bahrain","Expedition","via","","27-Aug-26 15:35","Assign Pending","                                                                                                                                                                                                                     "
"21","15360","19-Sep-26 16:00","19-Sep-26 16:00","Pickup / Drop","Eslam Zein,, +966590502317Eslam Zein -","37.000","0.000","37.000","Khobar","Bahrain","Expedition","via","","27-Aug-26 15:36","Assign Pending","                                                                                                                                                                                                                     "
"22","15361","26-Sep-26 07:00","26-Sep-26 07:00","Pickup / Drop","Eslam Zein,, +966590502317Eslam Zein -","37.000","0.000","37.000","Khobar","Bahrain","Expedition","via","","27-Aug-26 15:37","Assign Pending","                                                                                                                                                                                                                     "
"23","15362","26-Sep-26 16:00","26-Sep-26 16:00","Pickup / Drop","Eslam Zein,, +966590502317Eslam Zein -","37.000","37.000","0.000","Bahrain","Khobar","Expedition","via","","27-Aug-26 15:37","Assign Pending","                                                                                                                                                                                                                     "